{"cameraMode":{"drawMode":0,"name":"Shaded","section":"Shading Mode"},"sceneLighting":true,"audioPlay":false,"sceneViewState":{"showFog":true,"showMaterialUpdate":false,"showSkybox":true,"showFlares":true,"showImageEffects":true,"showParticleSystems":true},"in2DMode":false,"pivot":{"x":-2.30000638961792,"y":6.1744585037231449,"z":-2.384185791015625e-7},"rotation":{"x":-0.20535221695899964,"y":0.42142218351364138,"z":-0.09858871251344681,"w":-0.877789318561554},"size":26.842390060424806,"orthographic":false}